Date,Adj Close,Close,High,Low,Open,Volume
2023-12-18,50.04911422729492,50.04911422729492,50.404914981750885,49.12263228888661,49.372493076088325,412587000
2023-12-19,49.576377868652344,49.576377868652344,49.67232508160953,48.867773044674685,49.396477797500886,464444000
2023-12-20,48.08420944213867,48.08420944213867,49.97115859701397,48.07121619318162,49.62734838444094,397894000
2023-12-21,48.96272277832031,48.96272277832031,49.06766385409553,48.39203776733346,48.783821596134075,300425000
2023-12-22,48.80281066894531,48.80281066894531,49.355500319360594,48.44001003124747,49.16760528234189,252507000
2023-12-26,49.251556396484375,49.251556396484375,49.572376781102484,48.93273380006729,48.9407287654443,244200000
2023-12-27,49.38948440551758,49.38948440551758,49.65233845498923,49.05766853127738,49.483433835302336,233648000
2023-12-28,49.49442672729492,49.49442672729492,49.85622468658464,49.38448736257904,49.615361553511725,246587000
2023-12-29,49.49442672729492,49.49442672729492,49.96916454651592,48.72385609264306,49.78526507165566,389293000
2024-01-02,48.14117431640625,48.14117431640625,49.26754558758411,47.568495374432075,49.216575301212856,411254000
2024-01-03,47.542510986328125,47.542510986328125,48.15716638258974,47.29364909537562,47.45855812854748,320896000
2024-01-04,47.971275329589844,47.971275329589844,48.47299471292731,47.48154648897857,47.74040114665584,306535000
2024-01-05,49.06966018676758,49.06966018676758,49.5194103643003,48.27910029347317,48.43501546755193,415039000
2024-01-08,52.223899841308594,52.223899841308594,52.2458907620678,49.4514463575837,49.48442892614956,642510000
2024-01-09,53.11041259765625,53.11041259765625,54.29475419696261,51.66121915258384,52.37182563719699,773100000
2024-01-10,54.31973648071289,54.31973648071289,54.569597281107285,53.45921582315341,53.58614782430592,533796000
2024-01-11,54.791473388671875,54.791473388671875,55.315183696465496,53.530178853161665,54.9683767860804,596759000
2024-01-12,54.679534912109375,54.679534912109375,54.93939227133335,54.29974925258684,54.58958487431233,352994000
2024-01-16,56.350608825683594,56.350608825683594,56.803355729677996,54.86943549694436,54.98736982997111,449580000
2024-01-17,56.021793365478516,56.021793365478516,56.43955990801359,54.70952466514394,56.31562839717504,474394000
2024-01-18,57.0752067565918,57.0752067565918,57.5679323320847,56.075763460461346,57.228121458897405,491650000
2024-01-19,59.4578742980957,59.4578742980957,59.46686815803494,57.1931334387279,57.95670795373914,543501000
2024-01-22,59.620784759521484,59.620784759521484,60.29740976678535,59.037110289114665,60.01556528618006,452955000
2024-01-23,59.83966064453125,59.83966064453125,59.87663879045011,58.55237585802376,59.5368279679321,294654000
2024-01-24,61.32782745361328,61.32782745361328,62.813998865952584,59.904620682519884,60.27041798826244,560271000
2024-01-25,61.58269119262695,61.58269119262695,62.68407876992676,60.81611616664833,62.31528094129938,482777000
2024-01-26,60.99702072143555,60.99702072143555,61.74860477846685,60.53927933125107,60.92606110295733,390309000
2024-01-29,62.43022155761719,62.43022155761719,62.45420645662032,60.87309034622641,61.197906346142304,348733000
2024-01-30,62.73904037475586,62.73904037475586,63.45764174361534,62.22532667454649,62.86497347083293,410735000
2024-01-31,61.492740631103516,61.492740631103516,62.23432804617364,60.66620146120928,61.40578727537811,453795000
2024-02-01,62.99190902709961,62.99190902709961,63.15581918121957,61.6156767942891,62.06542319875055,369146000
2024-02-02,66.12316131591797,66.12316131591797,66.56291110918288,63.654531745686434,63.93837399186544,476578000
2024-02-05,69.29340362548828,69.29340362548828,69.45831268504848,67.16758882386114,68.1870176350593,680078000
2024-02-06,68.18501281738281,68.18501281738281,69.71515858330277,66.26308702618283,69.59122707783612,683111000
2024-02-07,70.05996704101562,70.05996704101562,70.18090186277372,67.56235796585537,68.28095938687078,495575000
2024-02-08,69.60221862792969,69.60221862792969,70.75457644757603,69.41632519274872,70.0349761659854,414422000
2024-02-09,72.09284210205078,72.09284210205078,72.14480747716068,70.17290640154854,70.49372682596147,436637000
2024-02-12,72.20777893066406,72.20777893066406,74.56946235575423,71.21033344280542,72.55958034090284,613710000
2024-02-13,72.08784484863281,72.08784484863281,73.40910749101484,69.58124543898839,70.36080999462226,602580000
2024-02-14,73.85885620117188,73.85885620117188,74.19466766232887,71.89795059750436,73.16124677886643,504917000
2024-02-15,72.6175308227539,72.6175308227539,73.93379867183279,72.35967890593884,73.82786252680346,420122000
2024-02-16,72.57257080078125,72.57257080078125,74.36057621751523,72.46063364613941,74.05874240761452,495327000
2024-02-20,69.413330078125,69.413330078125,71.91593356383504,67.6962844049487,71.90693589131082,704833000
2024-02-21,67.43444061279297,67.43444061279297,68.84965273678795,66.21112295055113,67.9681399359681,673755000
2024-02-22,78.49427795410156,78.49427795410156,78.53125229218321,74.17868109913526,74.98323324060954,865100000
2024-02-23,78.77310943603516,78.77310943603516,82.34811331480627,77.52680222303147,80.74501027740159,829388000
2024-02-26,79.04796600341797,79.04796600341797,80.60110162092384,78.46128722131758,79.65562156391138,503973000
2024-02-27,78.65718078613281,78.65718078613281,79.43575404356761,77.11904376268178,79.3368025112215,391705000
2024-02-28,77.61974334716797,77.61974334716797,78.88903259597406,77.08204100272657,77.57676803038943,393110000
2024-02-29,79.06796264648438,79.06796264648438,79.94547226995613,78.3063857687766,79.04997492303941,507289000
2024-03-01,82.23319244384766,82.23319244384766,82.25418447366663,79.39077400447647,79.95546189415097,479135000
2024-03-04,85.18952941894531,85.18952941894531,87.64616069538586,83.67237707882101,84.08314367108252,615616000
2024-03-05,85.920166015625,85.920166015625,86.05310143549691,83.37446759481172,85.22651962468665,520639000
2024-03-06,88.65476989746094,88.65476989746094,89.67824984643924,86.9856232402923,87.97712182383515,582520000
2024-03-07,92.62174224853516,92.62174224853516,92.71969184649807,89.55630492024456,90.11202114454544,608119000
2024-03-08,87.48336029052734,87.48336029052734,97.35032718295817,86.46187834190792,95.08947977383554,1142269000
2024-03-11,85.73025512695312,85.73025512695312,88.75170831683343,84.12307354021831,86.38491984001777,678364000
2024-03-12,91.86613464355469,91.86613464355469,91.91310774958505,86.10607276758905,88.00410652239347,668075000
2024-03-13,90.8416519165039,90.8416519165039,91.45733510152752,88.38989990202793,91.00856657140831,635713000
2024-03-14,87.89915466308594,87.89915466308594,90.59978030033041,86.55583824442805,89.53132517509458,602318000
2024-03-15,87.7922134399414,87.7922134399414,89.500341723681,86.21302481365912,86.88567820084742,642086000
2024-03-18,88.4098892211914,88.4098892211914,92.35787164603076,87.04058518466691,90.34190203688856,668976000
2024-03-19,89.3524169921875,89.3524169921875,90.49782872213696,84.96665402343716,86.65578707702176,672171000
2024-03-20,90.325927734375,90.325927734375,90.363910374155,88.17802127434896,89.75121630849692,479063000
2024-03-21,91.38836669921875,91.38836669921875,92.60075314567852,90.35889320815413,92.25293104894116,480372000
2024-03-22,94.24092102050781,94.24092102050781,94.72967008042832,90.78768098585184,91.09452364541656,586719000
2024-03-25,94.95355224609375,94.95355224609375,96.71665262612369,93.46231633076846,93.89309629655145,552136000
2024-03-26,92.51380157470703,92.51380157470703,96.32585986372577,92.4548335490284,95.8021249691622,513648000
2024-03-27,90.2039794921875,90.2039794921875,93.19245268869888,89.07755527294492,93.06451960589087,586067000
2024-03-28,90.30992889404297,90.30992889404297,91.25344777796057,89.14751991247192,89.95410761772509,435212000
2024-04-01,90.31692504882812,90.31692504882812,92.17797517190813,89.15851941119853,90.25296231719115,452441000
2024-04-02,89.40637969970703,89.40637969970703,90.04805054821496,87.57531335437362,88.4028863469108,433064000
2024-04-03,88.91864013671875,88.91864013671875,90.32792493292138,88.35493231864154,88.43888912667452,370067000
2024-04-04,85.86119079589844,85.86119079589844,90.58778310646065,85.8362020197599,90.35989492370194,434965000
2024-04-05,87.96311950683594,87.96311950683594,88.43587785170828,85.88218058642197,86.82169600485652,399678000
2024-04-08,87.08856201171875,87.08856201171875,88.7846950725735,86.68776556126254,88.65475649731144,283220000
2024-04-09,85.31046295166016,85.31046295166016,87.59030542356439,82.97965924126275,87.39740306681414,501700000
2024-04-10,86.99461364746094,86.99461364746094,87.35542960706438,83.66631003801581,83.88320224037439,431929000
2024-04-11,90.56978607177734,90.56978607177734,90.69272444380793,86.8816730383785,87.37541678298889,431637000
2024-04-12,88.14102172851562,88.14102172851562,90.12901336838989,87.48535806077376,89.6532505793027,426805000
2024-04-15,85.9571533203125,85.9571533203125,90.5668014834056,85.885191431367,89.05257449013831,443077000
2024-04-16,87.37042236328125,87.37042236328125,88.0730591608871,86.02011339953525,86.38892089132743,370453000
2024-04-17,83.99214935302734,83.99214935302734,88.72973001771733,83.90718598900048,88.29494666403578,495400000
2024-04-18,84.62781524658203,84.62781524658203,86.14604537295341,82.35997524716916,84.92666635523963,447260000
2024-04-19,76.16114807128906,76.16114807128906,84.28100677926233,75.56745676539116,83.10760934336838,875198000
2024-04-22,79.47744750976562,79.47744750976562,80.03216479233348,76.36104131725212,78.0641671154843,596341000
2024-04-23,82.38097381591797,82.38097381591797,82.72679808163171,80.22307798101387,80.72781776562408,438559000
2024-04-24,79.63638305664062,79.63638305664062,84.03913619183639,79.14263160089992,83.90719970245839,512208000
2024-04-25,82.5898666381836,82.5898666381836,83.28050853708768,78.18311074273281,78.82777847791279,424641000
2024-04-26,87.69026947021484,87.69026947021484,88.28596627439501,83.34448669778978,83.77526671112514,551011000
2024-04-29,87.7122573852539,87.7122573852539,87.94713054569272,85.22252257935692,87.55033742522801,388971000
2024-04-30,86.35794830322266,86.35794830322266,88.77371581096726,86.25600293117195,87.19551848613133,363709000
2024-05-01,82.99864196777344,82.99864196777344,85.95613224492045,81.21354987762143,85.0336065353816,559863000
2024-05-02,85.77324676513672,85.77324676513672,86.19303079420062,83.15757667406707,84.40594040910835,377898000
2024-05-03,88.74372863769531,88.74372863769531,89.23547453747554,86.99561989027154,87.74423852998379,398341000
2024-05-06,92.09300994873047,92.09300994873047,92.17297098055205,89.00958414820802,89.34441239026923,376203000
2024-05-07,90.50782775878906,90.50782775878906,91.73419949359099,88.96561525990342,91.05154909444323,437342000
2024-05-08,90.36589050292969,90.36589050292969,91.14748934800362,89.37439205191707,89.43736345879935,325721000
2024-05-09,88.70175170898438,88.70175170898438,91.02556319779642,88.18601596391863,90.48284079234612,378013000
2024-05-10,89.83216094970703,89.83216094970703,91.35438684926548,89.18149198091324,90.25894513362616,335325000
2024-05-13,90.3529052734375,90.3529052734375,90.95159885169748,88.48385608988069,90.43185974293648,289680000
2024-05-14,91.30941772460938,91.30941772460938,91.60426546540805,88.88864807554503,89.55330988776338,296507000
2024-05-15,94.58175659179688,94.58175659179688,94.81364057954114,91.55230350991141,92.42485956836863,417735000
2024-05-16,94.3108901977539,94.3108901977539,95.77014487035822,94.05501639356171,94.8616117597436,323952000
2024-05-17,92.43183898925781,92.43183898925781,94.69168763651655,91.75918564554273,94.3208822477914,359691000
2024-05-20,94.7316665649414,94.7316665649414,95.15145055956944,93.39235354622227,93.7021930243281,318764000
2024-05-21,95.33737182617188,95.33737182617188,95.35136462767765,93.13249520961237,93.55128031364264,328946000
2024-05-22,94.90158081054688,94.90158081054688,95.97103489974472,93.20145177000462,95.41032394954395,548648000
2024-05-23,103.7460708618164,103.7460708618164,106.26578136298583,101.46822609300973,101.97597026948286,835065000
2024-05-24,106.41470336914062,106.41470336914062,106.42069701496759,102.94747076428304,104.39572928386976,429494000
2024-05-28,113.84291076660156,113.84291076660156,114.88038339336015,109.82696222842502,110.18777817721215,652728000
2024-05-29,114.76644134521484,114.76644134521484,115.43310102209165,110.84444643564275,112.99235261607853,557442000
2024-05-30,110.44364929199219,110.44364929199219,115.75993705260656,109.60707814261482,114.59153447828542,484553000
2024-05-31,109.57709503173828,109.57709503173828,112.6595219559155,106.88546755499186,112.46261619518734,613263000
2024-06-03,114.94135284423828,114.94135284423828,114.94135284423828,111.94587959300615,113.56305829627723,438392000
2024-06-04,116.37763214111328,116.37763214111328,116.54055105021374,113.98685338816156,115.65700669071254,403324000
2024-06-05,122.3775634765625,122.3775634765625,122.3865539456356,117.408098853795,118.31063824188061,528402000
2024-06-06,120.93629455566406,120.93629455566406,125.52295114690725,118.25965887862115,123.98473454180629,664696000
2024-06-07,120.82635498046875,120.82635498046875,121.62994584355768,117.9618191498612,119.70892124903274,412386000
2024-06-10,121.72789001464844,121.72789001464844,123.03721949599527,116.95032895624942,120.3086160214553,313434100
2024-06-11,120.8582763671875,120.8582763671875,122.81743693170633,118.6891989331394,121.71790142895497,222551200
2024-06-12,125.14643859863281,125.14643859863281,126.82572022932071,122.51756641163499,123.00735466296415,299595000
2024-06-13,129.55453491210938,129.55453491210938,129.74445604329242,127.10558642301991,129.3346278393984,260704500
2024-06-14,131.82359313964844,131.82359313964844,132.78317395786428,128.26511837192902,129.90441625095465,309320400
2024-06-17,130.92396545410156,130.92396545410156,133.67278906643185,129.52457044327446,132.9331153831068,288504400
2024-06-18,135.52198791503906,135.52198791503906,136.27166699428068,130.63408092847425,131.08388532556722,294335100
2024-06-20,130.72406005859375,130.72406005859375,140.69978702792184,129.46460449105635,139.74020619139688,517768400
2024-06-21,126.51585388183594,126.51585388183594,130.57412222632124,124.24682832839595,127.06562164590744,649445800
2024-06-24,118.0594711303711,118.0594711303711,124.4067529664504,117.98950138261452,123.18727368315257,476060900
2024-06-25,126.03604125976562,126.03604125976562,126.44586947750777,119.26894156101194,121.14813434618002,414192600
2024-06-26,126.34593200683594,126.34593200683594,128.06518984478126,122.54755446405669,126.07604323280044,362975900
2024-06-27,123.93695068359375,123.93695068359375,126.35592112032522,122.86740877139376,124.04690423190566,252571700
2024-06-28,123.48715209960938,123.48715209960938,127.65536639722576,122.69748913626472,124.52670811618471,315516700
2024-07-01,124.246826171875,124.246826171875,124.78658844306486,118.77916507660012,123.41717942454187,284885500
2024-07-02,122.61752319335938,122.61752319335938,123.35721213177682,120.97822535200487,121.07818104942778,218374000
2024-07-03,128.22511291503906,128.22511291503906,128.22511291503906,121.30807553564613,121.60795022813568,215749000
2024-07-05,125.77616882324219,125.77616882324219,128.7948810674807,125.62623147151251,127.32550112143423,214176700
2024-07-08,128.1451416015625,128.1451416015625,130.7140492483546,126.98564191819271,127.43544631776729,237677300
2024-07-09,131.3238067626953,131.3238067626953,133.76276548705792,128.59496354527897,130.29424856790877,285366600
2024-07-10,134.852294921875,134.852294921875,135.04221608834806,132.36335454676214,133.9726664675838,248978600
2024-07-11,127.34551239013672,127.34551239013672,136.09176237835354,126.99566361078907,135.6919395597456,374782700
2024-07-12,129.1847381591797,129.1847381591797,131.86358478076724,127.16559770787343,128.20514625821357,252680500
2024-07-15,128.3850555419922,128.3850555419922,131.33379047542198,127.1255924372887,130.50414372087192,208326200
2024-07-16,126.3059310913086,126.3059310913086,128.98477699663783,124.52669397454281,128.3850428883488,214769500
2024-07-17,117.93951416015625,117.93951416015625,121.79786321418705,116.670060903269,121.29807714631912,390086200
2024-07-18,121.03819274902344,121.03819274902344,122.34763750285344,116.51013195140489,121.79786974825338,320979500
2024-07-19,117.87955474853516,117.87955474853516,121.54798304467437,117.31979673364096,120.29851774276338,217223800
2024-07-22,123.48715209960938,123.48715209960938,124.0169241522775,119.8087260510085,120.29851430002402,258068900
2024-07-23,122.53755187988281,122.53755187988281,124.63665959294896,122.04776363902835,122.72747303753543,173911000
2024-07-24,114.20111083984375,114.20111083984375,119.89866868030745,113.3914598904436,119.11900367331029,327776900
2024-07-25,112.2319564819336,112.2319564819336,116.580093681362,106.25451947131738,112.99163342891377,460067000
2024-07-26,113.01162719726562,113.01162719726562,116.15028320368103,111.53226465502331,116.14029297278634,293399100
2024-07-29,111.54225158691406,111.54225158691406,116.23024736996389,111.2523823769322,113.64135918454429,248152100
2024-07-30,103.68562316894531,103.68562316894531,111.94208369239041,102.49612986212257,111.47228355856528,486833300
2024-07-31,116.96992492675781,116.96992492675781,118.28935980657482,110.83255278301941,112.85169271533529,473174200
2024-08-01,109.16327667236328,109.16327667236328,120.10859659996095,106.76430191931924,117.47971689042026,523462300
2024-08-02,107.22409057617188,107.22409057617188,108.6734746260821,101.32662157502604,103.7155981672913,482027500
2024-08-05,100.40702819824219,100.40702819824219,103.36576873199637,90.6512086518513,92.02061773639092,552842400
2024-08-06,104.20539855957031,104.20539855957031,107.66391734722711,100.50698458680512,103.79557030996848,409012100
2024-08-07,98.86768341064453,98.86768341064453,108.75345120343057,98.64777632103673,107.76386930019544,411440400
2024-08-08,104.92508697509766,104.92508697509766,105.45485898012505,97.47827008281362,101.95635654950479,391910000
2024-08-09,104.70519256591797,104.70519256591797,106.55439969221393,103.38575750879603,105.59481125304626,290844200
2024-08-12,108.97335815429688,108.97335815429688,111.02248421974713,106.214544366382,106.27451625816647,325559900
2024-08-13,116.0903091430664,116.0903091430664,116.18027460234957,111.53226256952769,112.3918952304853,312646700
2024-08-14,118.02948760986328,118.02948760986328,118.5492618001431,114.02120093884069,118.47929205094907,339246400
2024-08-15,122.80744171142578,122.80744171142578,123.18727640390337,117.41974813678404,118.7091971963176,318086700
2024-08-16,124.52670288085938,124.52670288085938,124.94652136236562,121.12815597457694,121.88783295977665,302589900
2024-08-19,129.9443817138672,129.9443817138672,129.9443817138672,123.36719502454015,124.22682769827617,318333600
2024-08-20,127.19556427001953,127.19556427001953,129.82444407435935,125.83614544847738,128.345066215563,300087400
2024-08-21,128.4450225830078,128.4450225830078,129.29466502006431,126.60581346882094,127.26552712895132,257883600
2024-08-22,123.68706512451172,123.68706512451172,130.6940685649148,123.04733950988674,129.96438511048203,376189100
2024-08-23,129.3146514892578,129.3146514892578,129.54456407840786,125.16643293270377,125.8061585348479,323230300
2024-08-26,126.40589141845703,126.40589141845703,131.2038330961495,124.31678931451107,129.51456899800732,331964700
2024-08-27,128.2451171875,128.2451171875,129.14472607274774,123.8270022374259,124.99650751528328,303134600
2024-08-28,125.55626678466797,125.55626678466797,128.27510443502842,122.58753608006307,128.06518755846798,448101100
2024-08-29,117.53968811035156,117.53968811035156,124.37676573622443,116.66006734390899,121.30807947152184,453023300
2024-08-30,119.31893920898438,119.31893920898438,121.69791835838595,117.1698574006327,119.47886679934984,333751600
2024-09-03,107.95379638671875,107.95379638671875,116.16028314135124,107.24410104783063,115.96037175405029,477155100
2024-09-04,106.16455078125,106.16455078125,113.22152729745075,104.07544877334824,105.36489768479619,372470300
2024-09-05,107.16413116455078,107.16413116455078,109.6030896936583,104.715182404582,104.94507973247826,306850700
2024-09-06,102.7860107421875,102.7860107421875,108.10373451971928,100.90681013303441,107.99378096807179,413638100
2024-09-09,106.42444610595703,106.42444610595703,106.50441370678206,103.64563679939363,104.83512245061276,273912000
2024-09-10,108.05374145507812,108.05374145507812,109.35318822314704,104.90508784485718,107.76386463370491,268283700
2024-09-11,116.85997772216797,116.85997772216797,117.13985668962943,107.37403301447969,109.34319126914343,441422400
2024-09-12,119.0992202758789,119.0992202758789,120.74865704096976,115.34050510922769,116.80000446674823,366052700
2024-09-13,119.05923461914062,119.05923461914062,119.9189408807045,117.55974801782453,119.03924482024104,238358300
2024-09-16,116.74002075195312,116.74002075195312,118.13954300655384,114.32085103611607,116.75001946408975,248772300
2024-09-17,115.55043029785156,115.55043029785156,118.75933823796504,114.79069593440207,118.12954900355818,231925900
2024-09-18,113.33119201660156,113.33119201660156,117.65970390167261,113.18124184177299,115.85032597194726,310318900
2024-09-19,117.82965087890625,117.82965087890625,119.6190390017094,117.20986038538442,117.30982462581498,293506400
2024-09-20,115.96029663085938,115.96029663085938,118.57940262799143,115.35050480567513,117.0199313836397,382462400
2024-09-23,116.22020721435547,116.22020721435547,116.94995306986277,114.82068489843978,116.51010886475667,206228500
2024-09-24,120.82862854003906,120.82862854003906,121.75831050299728,115.34050229413268,116.48011145817397,354966800
2024-09-25,123.46772003173828,123.46772003173828,124.8972307941946,121.56836894761845,121.9782246233193,284692900
2024-09-26,123.9975357055664,123.9975357055664,127.62629022604027,121.75830470715397,126.75659295249227,302582900
2024-09-27,121.35844421386719,121.35844421386719,123.9875411739155,119.21917738287792,123.9275641535197,271009200
2024-09-30,121.39842987060547,121.39842987060547,121.45840689022769,118.10955522149155,118.26949648274505,226553700
2024-10-01,116.9599380493164,116.9599380493164,122.39807778038482,115.75035328043049,121.72830139861978,302094500
2024-10-02,118.80931854248047,118.80931854248047,119.33913591399957,115.1005893150636,116.40014740227824,221845900
2024-10-03,122.80794525146484,122.80794525146484,124.31743049345978,120.2988023230489,120.87860561160097,277118000
2024-10-04,124.87724304199219,124.87724304199219,124.99720471642613,121.78830428645546,124.89724046778949,243678100
2024-10-07,127.67628479003906,127.67628479003906,130.5952834922112,124.90722864393703,124.94721586781675,346250200
2024-10-08,132.84449768066406,132.84449768066406,133.43429200303964,129.3756845929013,130.2153933149511,285722500
2024-10-09,132.60458374023438,132.60458374023438,134.473953954377,131.33502948270424,134.06409064908044,246191600
2024-10-10,134.76385498046875,134.76385498046875,134.9537923881041,130.95516150253064,131.86485368985453,242311300
2024-10-11,134.7538604736328,134.7538604736328,135.73352074472976,133.61425131031754,133.9641223517835,170209500
2024-10-14,138.0227508544922,138.0227508544922,139.5522259694365,136.25335239175735,136.42329237635488,232347700
2024-10-15,131.55496215820312,131.55496215820312,138.52257769243778,128.6959404665834,137.82280508502743,377831000
2024-10-16,135.6735382080078,135.6735382080078,136.57322399642072,131.53495612489098,133.9341283963689,264879700
2024-10-17,136.88311767578125,136.88311767578125,140.8417687676179,136.82314065604464,139.29229632563835,306435900
2024-10-18,137.9527587890625,137.9527587890625,138.85244459278235,137.23300404466042,138.62252759913224,176090200
2024-10-21,143.6608123779297,143.6608123779297,143.6608123779297,137.95276029474488,138.0827206747143,264554500
2024-10-22,143.5408477783203,143.5408477783203,144.37056551302095,141.73146975294682,142.86108785315807,226311600
2024-10-23,139.51222229003906,139.51222229003906,142.38123492807873,137.41295033058282,141.9813779606296,285930000
2024-10-24,140.3619384765625,140.3619384765625,141.30161913611144,138.41260905173522,140.7718017861216,172354900
2024-10-25,141.49154663085938,141.49154663085938,144.08067171203157,140.75180968215267,140.8817548130095,205122100
2024-10-28,140.47190856933594,140.47190856933594,143.09100694226274,140.00206821568727,142.95105547012693,173586700
2024-10-29,141.20164489746094,141.20164489746094,142.21129364579818,138.8524432880062,140.2419668294209,157593600
2024-10-30,139.29229736328125,139.29229736328125,140.28196395700422,136.76316465511044,139.49222584841445,179418100
2024-10-31,132.71456909179688,132.71456909179688,137.5629157078968,132.06479759847417,137.55292462080052,270039600
2024-11-01,135.35365295410156,135.35365295410156,137.26300291330367,134.52395044654537,134.65389558133728,207127800
2024-11-04,136.00343322753906,136.00343322753906,138.91244079735898,135.52360180221356,137.16303982117785,187528200
2024-11-05,139.8621063232422,139.8621063232422,140.3219403030432,137.28298774012364,137.40294177771256,160537400
2024-11-06,145.56016540527344,145.56016540527344,146.43986910531262,141.91142072377156,142.9110784725191,242043900
2024-11-07,148.82904052734375,148.82904052734375,148.8790112085744,146.1199614984642,146.3398874087156,207323300
2024-11-08,147.57945251464844,147.57945251464844,149.71871911263233,146.2099112659944,148.71906153874144,175665800
2024-11-11,145.21026611328125,145.21026611328125,148.79904870323992,143.52085748188875,148.62909347800425,182325600
2024-11-12,148.2392120361328,148.2392120361328,149.59874692031187,145.95999403229789,146.7297346202135,198634700
2024-11-13,146.21994018554688,146.21994018554688,149.27889039349282,145.85005645366056,149.01898487542564,191903300
2024-11-14,146.7097625732422,146.7097625732422,148.94900137376933,145.50018526515709,147.58946625444327,194463300
2024-11-15,141.93138122558594,141.93138122558594,145.1902747512061,140.03203789439084,144.8203910682193,250132900
2024-11-18,140.1020050048828,140.1020050048828,141.50153478170088,137.10303223771245,139.45223367342163,221205300
2024-11-19,146.9596710205078,146.9596710205078,147.0796403153284,140.94174272954967,141.27163159656618,227834900
2024-11-20,145.84005737304688,145.84005737304688,147.50948385732136,142.68113546401185,147.35954130772643,309871700
2024-11-21,146.6197967529297,146.6197967529297,152.83766902515802,140.65183891204953,149.29888738883682,400946600
2024-11-22,141.9014129638672,141.9014129638672,147.10963649428794,141.05171303807552,145.880046493066,236406200
2024-11-25,135.9734344482422,135.9734344482422,142.00136870780395,135.7735059739188,141.9413916908634,344941900
2024-11-26,136.8731231689453,136.8731231689453,139.25231324946176,135.62355111044974,137.65285491316135,190287700
2024-11-27,135.2936553955078,135.2936553955078,137.17301655731904,131.7548742168772,134.96376655836661,226370900
2024-11-29,138.2026824951172,138.2026824951172,139.30231211006736,136.0034385187834,136.7331843976686,141863200
2024-12-02,138.58255004882812,138.58255004882812,140.40191910756175,137.77282976281836,138.7824785355422,171682800
2024-12-03,140.2119903564453,140.2119903564453,140.49189330582607,137.90278339727084,138.21267485883047,164414000
2024-12-04,145.09031677246094,145.09031677246094,145.7400881706811,140.24197086598,141.95139223046513,231224300
2024-12-05,145.0203399658203,145.0203399658203,146.49993108099994,143.9106428157812,145.07032934736787,172621200
2024-12-06,142.40106201171875,142.40106201171875,145.66016529709515,141.27136605108353,144.5604751692698,188505600
2024-12-09,138.77203369140625,138.77203369140625,139.91172129670065,137.0925004855475,138.93199359328304,189308600
2024-12-10,135.03306579589844,135.03306579589844,141.7812196768295,133.7534018405272,138.97197539548316,210020900
2024-12-11,139.2718963623047,139.2718963623047,140.13166176303284,135.173026862483,137.32243273699547,184905200
2024-12-12,137.3024444580078,137.3024444580078,138.40214979482639,135.76287224107875,137.04252103958567,159211400
2024-12-13,134.21328735351562,134.21328735351562,139.56183041879834,132.50374826625531,138.9020072444441,231514900
2024-12-16,131.96389770507812,131.96389770507812,134.3632351978696,130.38432800805435,134.1432941479919,237951100
2024-12-17,130.35433959960938,130.35433959960938,131.5540083659402,126.82530622422306,129.0546920799943,259410300
2024-12-18,128.874755859375,128.874755859375,136.6626191312432,128.2449232385065,133.82339933223892,277444500
2024-12-19,130.6442413330078,130.6442413330078,133.99333094415113,129.51456085077075,131.72394769790225,209719200
2024-12-20,134.6631622314453,134.6631622314453,135.24300545668208,128.1849385069714,129.7745000485284,306528600
2024-12-23,139.6317901611328,139.6317901611328,139.75175245255647,135.08303180440205,136.2427181368804,176053500
2024-12-24,140.18165588378906,140.18165588378906,141.86118913948326,138.61207790245493,139.9617148258363,105157000
2024-12-26,139.89173889160156,139.89173889160156,140.8115008078877,137.69234337416663,139.66180603983884,116205600
2024-12-27,136.97251892089844,136.97251892089844,138.98197889967045,134.6731602308685,138.51210623580144,170582600
2024-12-30,137.452392578125,137.452392578125,140.2316308377207,133.98334063995796,134.79311660884966,167734700
2024-12-31,134.25328063964844,134.25328063964844,138.0322612848829,133.79341493856927,137.99226367763055,155659200
2025-01-02,138.27218627929688,138.27218627929688,138.8420377745335,134.59319964236553,135.96282022937498,198247200
2025-01-03,144.4304962158203,144.4304962158203,144.86037131104774,139.69178686675932,139.9717090810043,229322500
2025-01-06,149.38912963867188,149.38912963867188,152.11839407781596,147.77958455274808,148.54936300568127,265377400
2025-01-07,140.10166931152344,140.10166931152344,153.08812187242287,139.97169998670535,152.98814312185272,351782200
2025-01-08,140.07168579101562,140.07168579101562,143.91063203422854,137.5223800692543,142.54101155921632,227349900
2025-01-10,135.8728485107422,135.8728485107422,139.88174676307978,134.18330808313058,137.41242079266553,207602500
2025-01-13,133.19357299804688,133.19357299804688,133.4535116815908,129.4745887600242,129.95446851982027,204808900
2025-01-14,131.7239532470703,131.7239532470703,136.3426998783518,130.01442953826418,136.01278831507346,195590500
2025-01-15,136.2027587890625,136.2027587890625,136.4126928345012,131.25409986764885,133.61345527658474,185217300
2025-01-16,133.53347778320312,133.53347778320312,138.7120538029648,133.4534978315376,138.60208327625168,209235600
2025-01-17,137.67234802246094,137.67234802246094,138.46212527408701,135.4229633158422,136.65262268416788,201188800
2025-01-21,140.79148864746094,140.79148864746094,141.7912151745994,137.05250594430132,139.12194717769367,197749000
2025-01-22,147.02980041503906,147.02980041503906,147.74958954273308,143.6307207753195,144.62045561465226,237651400
2025-01-23,147.17974853515625,147.17974853515625,147.1897403093082,143.6807055002306,145.01034368405638,155915500
2025-01-24,142.5810089111328,142.5810089111328,148.92927919460303,141.8412209584346,148.32943710709068,234657600
2025-01-27,118.38761901855469,118.38761901855469,128.3648859520762,116.668088091544,124.7658794397831,818830900
2025-01-28,128.95472717285156,128.95472717285156,128.96471894622445,116.21820602712087,121.77668294561497,579666400
2025-01-29,123.66616821289062,123.66616821289062,126.85529827150769,120.01717249490751,126.46540553655986,467120600
2025-01-30,124.61592102050781,124.61592102050781,124.96582380169083,118.06770880237578,123.06634175444341,392925500
2025-01-31,120.03717041015625,120.03717041015625,127.81504199868698,119.15741376372098,123.74615511454752,388161100
2025-02-03,116.62810516357422,116.62810516357422,118.53757894355685,112.97910166242248,114.71862375628316,371235700
2025-02-04,118.6175537109375,118.6175537109375,121.16685177317855,116.66808241089754,116.92801344303115,256550000
2025-02-05,124.79586791992188,124.79586791992188,124.96581960402936,120.72698113870702,121.72670769553925,262230800
2025-02-06,128.6448211669922,128.6448211669922,128.7348081612174,125.1757760130246,127.38517104864236,251483600
2025-02-07,129.8044891357422,129.8044891357422,130.3343429768511,124.96581638636985,129.184663567943,228186300
2025-02-10,133.53347778320312,133.53347778320312,134.96307937585763,129.92446445785666,130.05441853152416,216989100
2025-02-11,132.76370239257812,132.76370239257812,134.4432358451655,130.9841901729766,132.54376130884148,178902400
2025-02-12,131.10414123535156,131.10414123535156,132.203846559633,129.04470695043977,129.98445236307722,160278600
2025-02-13,135.25299072265625,135.25299072265625,136.46266649297655,131.13412244698262,131.52401516963508,197430000
2025-02-14,138.81202697753906,138.81202697753906,139.21191146517995,135.46293718873886,136.44266486168982,195479600
2025-02-18,139.36187744140625,139.36187744140625,143.40078131766987,137.89227816645598,141.23137649622348,219176600
2025-02-19,139.19192504882812,139.19192504882812,141.32134750878612,137.18248014952957,139.47184726600554,167536000
2025-02-20,140.07168579101562,140.07168579101562,140.62153843760984,136.7525863640224,139.991705837455,143903600
2025-02-21,134.3932342529297,134.3932342529297,141.42132600995674,133.99334973043614,140.0017008694862,228217600
2025-02-24,130.244384765625,130.244384765625,138.55211066034528,130.04444248958205,136.52266681200447,251381100
2025-02-25,126.59536743164062,126.59536743164062,130.16439082972744,124.4059715229826,129.94444977330787,271428700
2025-02-26,131.24411010742188,131.24411010742188,133.69343728770713,128.4548795357506,129.95446947322534,322553800
2025-02-27,120.11714172363281,120.11714172363281,134.97307064778977,119.9771806223922,134.9630788743497,443175800
2025-02-28,124.8858413696289,124.8858413696289,125.05579305607802,116.36817434407594,117.98772650698133,389091100
2025-03-03,114.02880859375,114.02880859375,123.66617198823369,112.2492965435478,123.47622912906817,411381400
2025-03-04,115.95828247070312,115.95828247070312,119.27737437091366,110.07989299750376,110.6197462594264,398163300
2025-03-05,117.2679214477539,117.2679214477539,118.24764914601728,114.4786835987416,117.54784364725772,284337900
2025-03-06,110.53976440429688,110.53976440429688,115.31845609620828,110.18986163701831,113.49895407905146,321181900
2025-03-07,112.65918731689453,112.65918731689453,113.44897220636766,107.5305852358904,111.21957864470976,341755500
2025-03-10,106.95074462890625,106.95074462890625,111.81940781621753,105.43115607331026,109.8699441866197,366487400
2025-03-11,108.73025512695312,108.73025512695312,112.20929903890595,104.74134094243277,106.960734969355,354865700
2025-03-12,115.71900177001953,115.71900177001953,116.73882100614277,112.85951998498375,114.09930053195751,323857500
2025-03-13,115.55902862548828,115.55902862548828,117.73863334670654,113.76935252443205,117.00876245655117,299033100
2025-03-14,121.64791870117188,121.64791870117188,121.85787967708788,118.12856083227834,118.58847644066721,277593500
2025-03-17,119.50830841064453,119.50830841064453,122.86769930249316,118.00858060635532,122.71772499646224,255501500
2025-03-18,115.40904998779297,115.40904998779297,118.99839474842913,114.51921213127834,117.97858323274161,299686900
2025-03-19,117.49867248535156,117.49867248535156,120.42814113812437,115.65901001721268,117.24871784817985,273426200
2025-03-20,118.50848388671875,118.50848388671875,120.17817892707569,116.44886024718888,116.5288475567653,248829700
2025-03-21,117.67863464355469,117.67863464355469,117.96858292451893,115.39904967929496,116.91877807414131,266498500
2025-03-24,121.38796997070312,121.38796997070312,122.19782052957932,119.31833831489072,119.85824123014483,228452500
2025-03-25,120.66809844970703,120.66809844970703,121.26798803028822,118.89841541478116,120.52812446850508,167447200
2025-03-26,113.7393569946289,113.7393569946289,118.81842927999459,112.68954449720724,118.70845626054094,293463300
2025-03-27,111.40978240966797,111.40978240966797,114.42923110356094,110.63992547504299,111.32979509417153,236902100
2025-03-28,109.65010070800781,109.65010070800781,112.84952470784617,109.05021109179135,111.46977019973694,229872500
2025-03-31,108.3603286743164,108.3603286743164,110.93986229194257,103.63119133667838,105.11091847763528,299212700
2025-04-01,110.1300048828125,110.1300048828125,110.17999122900144,106.45067264528599,108.50029591126088,222614000
2025-04-02,110.39995574951172,110.39995574951172,111.95967777974947,106.77061737970816,107.2705266243207,220601200
2025-04-03,101.78152465820312,101.78152465820312,105.61082365222038,101.58155638472346,103.49121334940355,338769400
2025-04-04,94.29288482666016,94.29288482666016,100.11182847125419,92.09328707213024,98.89205625014841,532273800
2025-04-07,97.62227630615234,97.62227630615234,101.73153089146867,86.60427995314998,87.444123819458,611041300
2025-04-08,96.28252410888672,96.28252410888672,105.83078615825814,94.44285411172834,103.79115551332612,476243400
2025-04-09,114.30924987792969,114.30924987792969,115.07910675948129,97.51229618216108,98.87204993981901,612918300
2025-04-10,107.55047607421875,107.55047607421875,110.83987986480561,99.13200610877084,109.35015243101728,437812400
2025-04-11,110.90986633300781,110.90986633300781,111.52975654810143,107.46049556472005,108.4803070767672,313417300
2025-04-14,110.68990325927734,110.68990325927734,114.26925525660798,109.05020155855789,114.08928762467488,264705000
2025-04-15,112.17963409423828,112.17963409423828,113.59938217981927,110.4799456735416,110.94986159507806,228966900
2025-04-16,104.47103881835938,104.47103881835938,106.77062454919468,100.4317709352981,104.53103311878802,397016900
2025-04-17,101.47157287597656,101.47157287597656,104.45103522860795,100.0318394876262,104.43103458781992,292517500
2025-04-21,96.89241790771484,96.89241790771484,99.42195758129023,95.02275450080649,98.75207336541831,288501100
2025-04-22,98.8720474243164,98.8720474243164,99.7918785816798,97.26233908492571,98.76206678289148,241004800
2025-04-23,102.69136047363281,102.69136047363281,104.78098517141211,102.00148324580945,104.5010295750129,247526000
2025-04-24,106.41068267822266,106.41068267822266,106.52066332286202,103.09128558149489,103.46122117055545,220815000
2025-04-25,110.98986053466797,110.98986053466797,111.89969145813895,105.71081975581805,106.83061166162848,251064700
2025-04-28,108.71027374267578,108.71027374267578,110.34997554606154,106.00075877336346,109.67009863041305,207708500
2025-04-29,109.00021362304688,109.00021362304688,110.1799998026459,107.42050613077843,107.65046012276234,170444300
2025-04-30,108.90023040771484,108.90023040771484,108.90023040771484,104.06111247501677,104.45104108413872,235044600
2025-05-01,111.5897445678711,111.5897445678711,114.9191420385801,111.27980327057723,113.05947899879722,236121500
2025-05-02,114.4792251586914,114.4792251586914,115.37906338859757,113.34943293159324,114.15928352450368,190194800
2025-05-05,113.79934692382812,113.79934692382812,114.64919116473993,112.63956137373921,112.88951601094917,133163200
2025-05-06,113.51940155029297,113.51940155029297,114.71918078517231,110.79989381468877,111.45977773347964,158525600
2025-05-07,117.03875732421875,117.03875732421875,117.65864757290291,112.25962586336117,113.02949042053457,206758800
2025-05-08,117.34870910644531,117.34870910644531,118.658469001105,115.82898059800607,118.22854670795566,198428100
2025-05-09,116.62882995605469,116.62882995605469,118.20854502226882,115.18908887008638,117.32869985728382,132972200
2025-05-12,122.9776840209961,122.9776840209961,122.9776840209961,120.25817629208265,121.94787211512306,225023300
2025-05-13,129.9064178466797,129.9064178466797,131.19619232916256,124.44741706637032,124.95732666651305,330430100
2025-05-14,135.3154296875,135.3154296875,135.4154176381041,131.65609038206884,133.17581874633882,281180800
2025-05-15,134.80552673339844,134.80552673339844,136.2752611112406,132.6359224746836,134.2656162138544,226632600
2025-05-16,135.37542724609375,135.37542724609375,136.32526708518697,133.43579205010155,136.19528579014883,226542500
2025-05-19,135.54539489746094,135.54539489746094,135.84532822832756,132.36596428610483,132.36596428610483,193154600
2025-05-20,134.35560607910156,134.35560607910156,134.55556671475182,132.59591587093482,134.26561082544316,161514200
2025-05-21,131.7760772705078,131.7760772705078,137.3750515435132,130.56629021032253,133.0358430493297,270608700
2025-05-22,132.80589294433594,132.80589294433594,134.22563338103308,131.52612648714359,132.20599574301846,187344000
2025-05-23,131.26617431640625,131.26617431640625,132.65592152877483,129.13657112060253,129.97641506418768,198821300
2025-05-27,135.47540283203125,135.47540283203125,135.63537744884945,133.2857979393918,134.1256417936587,192953600
2025-05-28,134.78553771972656,134.78553771972656,137.22509744866613,134.76553707682788,136.00531758419635,304021100
2025-05-29,139.1647491455078,139.1647491455078,143.46397204605128,137.88498259688382,142.22419152756274,369241900
2025-05-30,135.10548400878906,135.10548400878906,139.59465948344436,132.8958783257386,138.6948289010735,333170900
2025-06-02,137.35507202148438,137.35507202148438,138.09492795630163,135.37542038395227,135.46541564458173,197663100
2025-06-03,141.19436645507812,141.19436645507812,141.97422364617418,137.9249557656252,138.75480693174418,225578800
2025-06-04,141.8942413330078,141.8942413330078,142.36415725393297,139.5146683935161,142.1641966028205,167120800
2025-06-05,139.964599609375,139.964599609375,143.97386636815438,138.80480646885346,142.14419665233672,231397900
2025-06-06,141.69427490234375,141.69427490234375,143.24399658328852,141.4843063108272,142.4841247816278,153986200
2025-06-09,142.6041259765625,142.6041259765625,144.97369107987248,141.91424872977086,143.16402192873528,185114500
2025-06-10,143.9338836669922,143.9338836669922,144.26381035974757,141.50431668274294,142.66410985007164,155881900
2025-06-11,142.81399536132812,142.81399536132812,144.97375695921582,141.85409623212945,144.59379466225064,167694000
2025-06-12,144.98374938964844,144.98374938964844,144.98374938964844,141.83410852298076,141.9540901919345,162365000
2025-06-13,141.95408630371094,141.95408630371094,143.5639064320885,140.83421673860605,142.4640236398758,180820600
2025-06-16,144.6737823486328,144.6737823486328,146.16360555156524,143.18394388862185,143.33393622751285,183133700
2025-06-17,144.1038360595703,144.1038360595703,145.20371882793046,143.7638778428329,144.4738049491523,139108000
2025-06-18,145.46368408203125,145.46368408203125,145.63366319028128,143.10394808189747,143.9938476821936,161494100
2025-06-20,143.83387756347656,143.83387756347656,146.1836049259659,142.63399990245927,145.43368901636921,242956200
2025-06-23,144.15383911132812,144.15383911132812,144.76377135076248,142.01407957999888,142.48402812138661,154308900
2025-06-24,147.88340759277344,147.88340759277344,147.94341367999496,145.4836828445603,145.54367367470394,187566100
2025-06-25,154.29270935058594,154.29270935058594,154.43269305532343,149.24327207878133,149.25328072295656,269146500
2025-06-26,155.00262451171875,155.00262451171875,156.70243086817015,153.98273459501658,155.9625083392563,198145700
2025-06-27,157.73231506347656,157.73231506347656,158.69221415352254,155.24258871826237,156.02250005395288,263234500
2025-06-30,157.97230529785156,157.97230529785156,158.6422284044636,155.94253394670602,158.38224776867892,194580300
2025-07-01,153.2828369140625,153.2828369140625,157.18239409932116,151.47304203431221,156.27249233706732,213143600
2025-07-02,157.2323760986328,157.2323760986328,157.58234297497486,152.95285700312823,152.962850389823,171224100
2025-07-03,159.3221435546875,159.3221435546875,160.96195919540767,157.7523273944205,158.35225101493015,143716100
2025-07-07,158.22227478027344,158.22227478027344,159.29214695363126,157.3223664705724,158.18227071828886,140139000
2025-07-08,159.98207092285156,159.98207092285156,160.20204749093682,158.3722507239072,159.31214783171163,138133000
2025-07-09,162.86175537109375,162.86175537109375,164.40157611225678,161.14194686393122,161.20193770023792,183656400
2025-07-10,164.0816192626953,164.0816192626953,164.48156834124046,161.5918927660757,164.30159583301895,167704100
2025-07-11,164.90151977539062,164.90151977539062,167.87118822352508,163.4516852914618,163.70165728031435,193633300
2025-07-14,164.05162048339844,164.05162048339844,165.4714595173457,162.00184716942397,165.35146259057728,136975800
2025-07-15,170.6808624267578,170.6808624267578,172.38066881478494,169.18103056842588,171.17081299302788,230627400
2025-07-16,171.35079956054688,171.35079956054688,171.73076187811773,168.88107501049606,171.04083672550954,158831500
2025-07-17,172.98062133789062,172.98062133789062,174.1404950617398,170.81086624213197,172.00073538495315,160841100
2025-07-18,172.39068603515625,172.39068603515625,174.23047621121117,171.24080573231237,173.62054394819432,146456400
2025-07-21,171.36080932617188,171.36080932617188,173.36058531454748,170.9808470061149,172.73065099594356,123126100
2025-07-22,167.01129150390625,167.01129150390625,171.37080379639445,164.5615689540832,171.32080634495316,193114300
2025-07-23,170.7608642578125,170.7608642578125,171.24080620570157,167.95118153678195,169.511004310231,154082200
2025-07-24,173.7205352783203,173.7205352783203,173.81052153075,171.28080627636527,172.42067791171223,128984600
2025-07-25,173.48056030273438,173.48056030273438,174.70042482917586,172.9406275198062,173.59054858813744,122316800
2025-07-28,176.73019409179688,176.73019409179688,176.98016607778243,173.9505068282037,174.00050427681666,140023500
2025-07-29,175.49032592773438,175.49032592773438,179.35990260986108,175.00039060425894,177.94006357342778,154077500
2025-07-30,179.2499237060547,179.2499237060547,179.869849375745,176.0202745228646,176.49022309733303,174312200
2025-07-31,177.85006713867188,177.85006713867188,183.2794667127293,175.9102820488597,182.87950237318685,221685400
2025-08-01,173.70053100585938,173.70053100585938,176.52020701181988,170.8708463561498,174.07048465468185,204529000
2025-08-04,179.97982788085938,179.97982788085938,180.17980241597786,174.500446281802,175.14037394842856,148174600
2025-08-05,178.24002075195312,178.24002075195312,180.23979665506658,175.8802845759961,179.59986897635343,156407600
2025-08-06,179.39988708496094,179.39988708496094,179.87982901005608,176.23024423927978,176.31023710297544,137192300
2025-08-07,180.74974060058594,180.74974060058594,183.85939259097617,178.77996020998395,181.54965397485878,151878400
2025-08-08,182.6795196533203,182.6795196533203,183.27945850723472,180.3797743894202,181.52965464990967,123396700
2025-08-11,182.0395965576172,182.0395965576172,183.8193958765311,180.22980182096376,182.02960317073044,138323200
2025-08-12,183.1394805908203,183.1394805908203,184.4593247511904,179.43989822709233,182.9395060522284,145485700
2025-08-13,181.56964111328125,181.56964111328125,183.9493792108361,179.32990196930365,182.59952443546638,179871700
2025-08-14,181.99960327148438,181.99960327148438,182.99949119039164,179.43989264021437,179.7298534235828,129554000
2025-08-15,180.42977905273438,180.42977905273438,181.87961354108583,178.02004541114613,181.85962676701382,156602200
2025-08-18,181.98959350585938,181.98959350585938,182.91949719839158,180.56975450061333,180.57976314427117,132008000
2025-08-19,175.6203155517578,175.6203155517578,182.47954736718557,175.47033846497254,182.4095478886331,185229200
2025-08-20,175.38034057617188,175.38034057617188,175.9802794498554,168.7810892510499,175.1503706193276,215142700
2025-08-21,174.96038818359375,174.96038818359375,176.88017120538285,173.79052111986658,174.83041312567687,140040900
2025-08-22,177.97006225585938,177.97006225585938,178.56998587344157,171.18081451068767,172.59066018618677,172789400
2025-08-25,179.78985595703125,179.78985595703125,181.88962682620624,176.5502286534902,178.33002804439553,163012800
2025-08-26,181.7496337890625,181.7496337890625,182.36955942503778,178.78995879531527,180.0398187111229,168688200
2025-08-27,181.57965087890625,181.57965087890625,182.46955051009175,179.07993109949993,181.95959791056248,235518900
2025-08-28,180.14981079101562,180.14981079101562,184.44933204343067,176.39023757757423,180.79974711518173,281787800
2025-08-29,174.1604766845703,174.1604766845703,178.130033086625,173.13059331145078,178.09004428153852,243257900
2025-09-02,170.7608642578125,170.7608642578125,172.36069109354864,167.20126556823303,169.980952871088,231164900
2025-09-03,170.60089111328125,170.60089111328125,172.3906992342715,168.86109570238054,171.0408442884315,164424900
2025-09-04,171.64077758789062,171.64077758789062,171.8407521362954,169.39102958990665,170.55090333056648,141670100
2025-09-05,167.0012969970703,167.0012969970703,169.0110663720669,164.05163046676552,168.01117837826322,224441400
2025-09-08,168.2911376953125,168.2911376953125,170.940849905597,167.33125381142952,167.53122834914853,163769100
2025-09-09,170.74085998535156,170.74085998535156,170.96083655380463,166.7213214317911,169.0710489481518,157548400
2025-09-10,177.3101348876953,177.3101348876953,179.26990675759993,175.45034266016896,176.62020974984335,226852000
2025-09-11,177.16014099121094,177.16014099121094,180.26996857097555,176.4701769393558,179.66999584989978,151159300
2025-09-12,177.8101043701172,177.8101043701172,178.59005971058946,176.44017029123495,177.76010410307373,124911000
2025-09-15,177.74009704589844,177.74009704589844,178.84004186496986,174.50027206258352,175.66021109761542,147061600
2025-09-16,174.87026977539062,174.87026977539062,177.49011904437822,174.37029760906842,176.99014687805604,140737800
2025-09-17,170.280517578125,170.280517578125,173.1903593144249,168.40063256525568,172.63039291663662,211843800
2025-09-18,176.23019409179688,176.23019409179688,177.09014682532762,172.95037791227023,173.9703101424577,191763300
2025-09-19,176.66015625,176.66015625,178.07008136373162,175.17023376194967,175.7602124903078,237182100
2025-09-22,183.5997772216797,183.5997772216797,184.53972732383275,174.70027887607205,175.29024236301854,269637000
2025-09-23,178.42005920410156,178.42005920410156,182.409842567533,176.20019683221489,181.9598706713119,192559600
2025-09-24,176.96014404296875,176.96014404296875,179.76998508551358,175.39022416770254,179.75999113536878,143564100
2025-09-25,177.68011474609375,177.68011474609375,180.24996380236055,173.12037093203185,174.47028665549124,191586700
2025-09-26,178.18008422851562,178.18008422851562,179.75999811527313,174.920255917913,178.16008106951017,148573700
2025-09-29,181.8398895263672,181.8398895263672,183.98976381560166,180.30997586310093,180.4199550960203,193063500
2025-09-30,186.56961059570312,186.56961059570312,187.3395719841704,181.4698885277926,182.06986121505474,236981000
2025-10-01,187.22958374023438,187.22958374023438,188.12952754318238,183.88975804814035,185.22969505995906,173844900
2025-10-02,188.87948608398438,188.87948608398438,191.0393695238543,188.04953044946197,189.5894532800495,136805800
2025-10-03,187.6095428466797,187.6095428466797,190.34939569471342,185.36967740169,189.1794627061203,137596900
2025-10-06,185.5296630859375,185.5296630859375,187.21957143407985,183.31979467524326,185.48967202648717,157678100
2025-10-07,185.02969360351562,185.02969360351562,189.0494741147918,183.9897582054133,186.21962980709273,140088000
2025-10-08,189.09947204589844,189.09947204589844,189.58945025835604,186.52960780500513,186.55962017208088,130168900
2025-10-09,192.5592803955078,192.5592803955078,195.28912405123697,191.04935474353755,192.21928773885006,182997200
2025-10-10,183.14981079101562,183.14981079101562,195.6091088464203,182.0398719523004,193.49922565779727,268774400
2025-10-13,188.3095245361328,188.3095245361328,190.09941818271824,185.94965529464977,187.9595379156231,153482800
2025-10-14,180.0199737548828,180.0199737548828,184.78971240822688,179.68999030007896,184.75971529942103,205641400
2025-10-15,179.8199920654297,179.8199920654297,184.85970481354866,177.2801249034248,184.7897166440438,214450500
2025-10-16,181.7998809814453,181.7998809814453,183.26980040587233,179.76000120804414,182.21985578014733,179723300
2025-10-17,183.20980834960938,183.20980834960938,184.08976427610557,179.74000017155936,180.16996892604442,173135200
2025-10-20,182.6298370361328,182.6298370361328,185.18969215276272,181.71988400794234,183.1198152646831,128544700
2025-10-21,181.14991760253906,181.14991760253906,182.77981647710283,179.78999271004406,182.77981647710283,124240200
2025-10-22,180.26995849609375,180.26995849609375,183.42978616900905,176.7501502622395,181.1299112106735,162249600
2025-10-23,182.1498565673828,182.1498565673828,183.01980322210497,179.7799782111653,180.40994799999942,111363700
2025-10-24,186.24961853027344,186.24961853027344,187.45955783835475,183.48977777431884,183.8297551720498,131296700
2025-10-27,191.47933959960938,191.47933959960938,191.98930570001696,188.41949722334647,189.979423148828,153452700
2025-10-28,201.01881408691406,201.01881408691406,203.1386912540773,191.89932637827522,193.03926234185508,297986200
2025-10-29,207.02847290039062,207.02847290039062,212.1781954922272,204.76860414707738,207.96842303697136,308829600
2025-10-30,202.8787078857422,202.8787078857422,206.1485301715792,201.39879452489242,205.1385766163601,178864400
2025-10-31,202.47872924804688,202.47872924804688,207.95841980607935,202.05875446792163,206.43850017947892,179802200
2025-11-03,206.8684844970703,206.8684844970703,211.32822759164594,205.5485506791992,208.06841462190084,180267300
2025-11-04,198.67893981933594,198.67893981933594,203.9586446199207,197.9189723693821,202.98869740675082,188919300
2025-11-05,195.1991424560547,195.1991424560547,202.90870481768462,194.63916080574026,198.75894188581304,171350300
2025-11-06,188.0695343017578,188.0695343017578,197.60899664277025,186.3696319662745,196.40906647995496,223029800
2025-11-07,188.1395263671875,188.1395263671875,188.3095303364016,178.90005019006267,184.8897071775586,264942300
2025-11-10,199.03892517089844,199.03892517089844,199.9288750287355,193.7792081445882,195.09914200543773,198897100
2025-11-11,193.1492462158203,193.1492462158203,195.40911485928362,191.28934919242405,195.14913483203398,176483300
2025-11-12,193.78921508789062,193.78921508789062,195.87909508520013,191.1193655455878,195.70910637927892,154935300
2025-11-13,186.84959411621094,186.84959411621094,191.42934088057365,183.8397672401686,191.03936321053533,207423100
2025-11-14,190.15940856933594,190.15940856933594,190.99935813210442,180.56994624954729,182.8498180673128,186591900
2025-11-17,186.58961486816406,186.58961486816406,188.98947511566342,184.30974305565786,185.95964506857126,173628900
2025-11-18,181.3498992919922,181.3498992919922,184.7897101334883,179.63998782140993,183.36979105504545,213598900
2025-11-19,186.50961303710938,186.50961303710938,187.8495347223247,182.8198161698128,184.7796984316032,247246400
2025-11-20,180.62994384765625,180.62994384765625,195.9890894251709,179.83999453744622,195.9390891568929,343504800
2025-11-21,178.8700408935547,178.8700408935547,184.54971718190046,172.92036011460985,181.22991004695137,346926200
2025-11-24,182.5398406982422,182.5398406982422,183.4897847612219,176.47017128450955,179.48001348627363,256618300
2025-11-25,177.8101043701172,177.8101043701172,178.15008177330986,169.54056066153746,174.90026276869568,320600300
2025-11-26,180.2499542236328,180.2499542236328,182.8998157763143,178.2300777211247,181.61988829154,183852000
2025-11-28,176.99014282226562,176.99014282226562,179.28000857805475,176.49017066740046,179.0000253919654,121332800
2025-12-01,179.9099884033203,179.9099884033203,180.28997214473748,173.67033006996684,174.75027181562072,188131000
2025-12-02,181.4499053955078,181.4499053955078,185.6496685428864,179.98997995570696,181.74987648908228,182632200
2025-12-03,179.5800018310547,179.5800018310547,182.43984327721986,179.1000328161426,181.06992440272873,165138000
2025-12-04,183.3800048828125,183.3800048828125,184.52000427246094,179.9600067138672,181.6199951171875,167364900
2025-12-05,182.41000366210938,182.41000366210938,184.66000366210938,180.91000366210938,183.88999938964844,143971100
2025-12-08,185.5500030517578,185.5500030517578,188.0,182.39999389648438,182.63999938964844,204378100
2025-12-09,184.97000122070312,184.97000122070312,185.72000122070312,183.32000732421875,185.55999755859375,144719700
2025-12-10,183.77999877929688,183.77999877929688,185.47999572753906,182.0399932861328,184.97000122070312,162785400
2025-12-11,180.92999267578125,180.92999267578125,181.32000732421875,176.6199951171875,180.27999877929688,182136600
2025-12-12,175.02000427246094,175.02000427246094,182.82000732421875,174.6199951171875,181.11000061035156,204274900
2025-12-15,176.2899932861328,176.2899932861328,178.4199981689453,175.02999877929688,177.94000244140625,164775600
2025-12-16,177.72000122070312,177.72000122070312,178.49000549316406,174.89999389648438,176.25999450683594,148588100
2025-12-17,170.94000244140625,170.94000244140625,176.1300048828125,170.30999755859375,176.10000610351562,222063600
